fileName	scientificName	Family	Genus
INHS_FISH_9709.jpg	Cyprinus carpio	Cyprinidae	Cyprinus
INHS_FISH_99944.jpg	Cyprinus carpio	Cyprinidae	Cyprinus
INHS_FISH_38306.jpg	Esox americanus	Esocidae	Esox
INHS_FISH_29714.jpg	Esox americanus	Esocidae	Esox
INHS_FISH_98960.jpg	Esox americanus	Esocidae	Esox
INHS_FISH_76218.jpg	Esox americanus	Esocidae	Esox
INHS_FISH_38346.jpg	Esox americanus	Esocidae	Esox
INHS_FISH_38759.jpg	Esox americanus	Esocidae	Esox
INHS_FISH_14561.jpg	Esox americanus	Esocidae	Esox
INHS_FISH_53883.jpg	Esox americanus	Esocidae	Esox
INHS_FISH_40555.jpg	Gambusia affinis	Poeciliidae	Gambusia
INHS_FISH_29365.jpg	Gambusia affinis	Poeciliidae	Gambusia
INHS_FISH_23971.jpg	Gambusia affinis	Poeciliidae	Gambusia
INHS_FISH_69138.jpg	Gambusia affinis	Poeciliidae	Gambusia
INHS_FISH_74473.jpg	Gambusia affinis	Poeciliidae	Gambusia
INHS_FISH_23958.jpg	Gambusia affinis	Poeciliidae	Gambusia
INHS_FISH_14262.jpg	Lepomis cyanellus	Centrarchidae	Lepomis
INHS_FISH_64694.jpg	Lepomis megalotis	Centrarchidae	Lepomis
INHS_FISH_49911.jpg	Lepomis macrochirus	Centrarchidae	Lepomis
INHS_FISH_30370.jpg	Lepomis macrochirus	Centrarchidae	Lepomis
INHS_FISH_51293.jpg	Lepomis macrochirus	Centrarchidae	Lepomis
INHS_FISH_30726.jpg	Lepomis macrochirus	Centrarchidae	Lepomis
INHS_FISH_15286.jpg	Lepomis humilis	Centrarchidae	Lepomis
INHS_FISH_15902.jpg	Lepomis cyanellus	Centrarchidae	Lepomis
INHS_FISH_41917.jpg	Lepomis macrochirus	Centrarchidae	Lepomis
INHS_FISH_99686.jpg	Lepomis cyanellus	Centrarchidae	Lepomis
INHS_FISH_50504.jpg	Lepomis megalotis	Centrarchidae	Lepomis
INHS_FISH_48485.jpg	Lepomis macrochirus	Centrarchidae	Lepomis
INHS_FISH_44534.jpg	Lepomis macrochirus	Centrarchidae	Lepomis
INHS_FISH_98190.jpg	Lepomis cyanellus	Centrarchidae	Lepomis
INHS_FISH_14675.jpg	Lepomis cyanellus	Centrarchidae	Lepomis
INHS_FISH_41715.jpg	Lepomis macrochirus	Centrarchidae	Lepomis
INHS_FISH_13719.jpg	Lepomis humilis	Centrarchidae	Lepomis
INHS_FISH_16995.jpg	Lepomis cyanellus	Centrarchidae	Lepomis
INHS_FISH_75938.jpg	Lepomis megalotis	Centrarchidae	Lepomis
INHS_FISH_77523.jpg	Lepomis megalotis	Centrarchidae	Lepomis
INHS_FISH_63935.jpg	Lepomis megalotis	Centrarchidae	Lepomis
INHS_FISH_74206.jpg	Lepomis megalotis	Centrarchidae	Lepomis
INHS_FISH_97297.jpg		Centrarchidae	Lepomis
INHS_FISH_39231.jpg	Lepomis macrochirus	Centrarchidae	Lepomis
INHS_FISH_99410.jpg	Lepomis megalotis	Centrarchidae	Lepomis
INHS_FISH_97778.jpg	Lepomis cyanellus	Centrarchidae	Lepomis
INHS_FISH_97924.jpg	Lepomis gibbosus	Centrarchidae	Lepomis
INHS_FISH_18994.jpg	Lepomis humilis	Centrarchidae	Lepomis
INHS_FISH_19778.jpg	Lepomis cyanellus	Centrarchidae	Lepomis
INHS_FISH_17183.jpg	Lepomis cyanellus	Centrarchidae	Lepomis
INHS_FISH_17582.jpg	Lepomis humilis	Centrarchidae	Lepomis
INHS_FISH_44891.jpg	Lepomis macrochirus	Centrarchidae	Lepomis
INHS_FISH_64283.jpg	Lepomis megalotis	Centrarchidae	Lepomis
INHS_FISH_9871.jpg	Lepomis megalotis	Centrarchidae	Lepomis
INHS_FISH_97946.jpg	Lepomis cyanellus	Centrarchidae	Lepomis
INHS_FISH_98251.jpg	Lepomis megalotis	Centrarchidae	Lepomis
INHS_FISH_97121.jpg	Lepomis cyanellus	Centrarchidae	Lepomis
INHS_FISH_97150.jpg	Lepomis cyanellus	Centrarchidae	Lepomis
INHS_FISH_11731.jpg	Lepomis cyanellus	Centrarchidae	Lepomis
INHS_FISH_56280.jpg	Lepomis megalotis	Centrarchidae	Lepomis
INHS_FISH_97052.jpg	Neogobius melanostomus	Gobiidae	Neogobius
INHS_FISH_98264.jpg	Notropis texanus	Leuciscidae	Notropis
INHS_FISH_98026.jpg	Notropis stramineus	Leuciscidae	Notropis
INHS_FISH_98247.jpg	Notropis dorsalis	Leuciscidae	Notropis
INHS_FISH_22177.jpg	Notropis atherinoides	Leuciscidae	Notropis
INHS_FISH_98634.jpg	Notropis boops	Leuciscidae	Notropis
INHS_FISH_98618.jpg	Notropis texanus	Leuciscidae	Notropis
INHS_FISH_98702.jpg	Notropis chalybaeus	Leuciscidae	Notropis
INHS_FISH_99395.jpg	Notropis stramineus	Leuciscidae	Notropis
INHS_FISH_97214.jpg	Notropis boops	Leuciscidae	Notropis
INHS_FISH_9863.jpg	Notropis stramineus	Leuciscidae	Notropis
INHS_FISH_98659.jpg	Notropis chalybaeus	Leuciscidae	Notropis
INHS_FISH_98338.jpg	Notropis buccata	Leuciscidae	Notropis
INHS_FISH_98237.jpg	Notropis dorsalis	Leuciscidae	Notropis
INHS_FISH_15570.jpg	Notropis atherinoides	Leuciscidae	Notropis
INHS_FISH_97323.jpg	Notropis atherinoides	Leuciscidae	Notropis
INHS_FISH_22797.jpg	Notropis atherinoides	Leuciscidae	Notropis
INHS_FISH_99366.jpg	Notropis stramineus	Leuciscidae	Notropis
INHS_FISH_97909.jpg	Notropis buccata	Leuciscidae	Notropis
INHS_FISH_97819.jpg	Notropis blennius	Leuciscidae	Notropis
INHS_FISH_98039.jpg	Notropis chalybaeus	Leuciscidae	Notropis
INHS_FISH_26591.jpg	Notropis atherinoides	Leuciscidae	Notropis
INHS_FISH_98342.jpg	Notropis percobromus	Leuciscidae	Notropis
INHS_FISH_98192.jpg	Notropis stramineus	Leuciscidae	Notropis
INHS_FISH_22913.jpg	Notropis atherinoides	Leuciscidae	Notropis
INHS_FISH_11982.jpg	Notropis atherinoides	Leuciscidae	Notropis
INHS_FISH_98277.jpg	Notropis chalybaeus	Leuciscidae	Notropis
INHS_FISH_97465.jpg	Notropis stramineus	Leuciscidae	Notropis
INHS_FISH_98727.jpg	Notropis buccata	Leuciscidae	Notropis
INHS_FISH_9859.jpg	Notropis buccata	Leuciscidae	Notropis
INHS_FISH_43411.jpg	Notropis atherinoides	Leuciscidae	Notropis
INHS_FISH_97849.jpg	Notropis hudsonius	Leuciscidae	Notropis
INHS_FISH_98219.jpg	Notropis percobromus	Leuciscidae	Notropis
INHS_FISH_97587.jpg	Notropis stramineus	Leuciscidae	Notropis
INHS_FISH_106482.jpg	Notropis atherinoides	Leuciscidae	Notropis
INHS_FISH_98191.jpg	Notropis dorsalis	Leuciscidae	Notropis
INHS_FISH_97802.jpg	Notropis atherinoides	Leuciscidae	Notropis
INHS_FISH_98263.jpg	Notropis chalybaeus	Leuciscidae	Notropis
INHS_FISH_97962.jpg	Notropis stramineus	Leuciscidae	Notropis
INHS_FISH_98256.jpg	Notropis chalybaeus	Leuciscidae	Notropis
INHS_FISH_53892.jpg	Notropis atherinoides	Leuciscidae	Notropis
INHS_FISH_25062.jpg	Notropis atherinoides	Leuciscidae	Notropis
INHS_FISH_99156.jpg	Notropis atherinoides	Leuciscidae	Notropis
INHS_FISH_97795.jpg	Notropis atherinoides	Leuciscidae	Notropis
INHS_FISH_9765.jpg	Notropis buccata	Leuciscidae	Notropis
INHS_FISH_25277.jpg	Notropis atherinoides	Leuciscidae	Notropis
INHS_FISH_97922.jpg	Notropis heterolepis	Leuciscidae	Notropis
INHS_FISH_9751.jpg	Notropis blennius	Leuciscidae	Notropis
INHS_FISH_99135.jpg	Notropis stramineus	Leuciscidae	Notropis
INHS_FISH_9861.jpg	Notropis blennius	Leuciscidae	Notropis
INHS_FISH_106563.jpg	Noturus flavus	Ictaluridae	Noturus
INHS_FISH_98224.jpg	Noturus miurus	Ictaluridae	Noturus
INHS_FISH_90718.jpg	Noturus flavus	Ictaluridae	Noturus
INHS_FISH_99294.jpg	Noturus gyrinus	Ictaluridae	Noturus
INHS_FISH_91021.jpg	Noturus flavus	Ictaluridae	Noturus
INHS_FISH_56516.jpg	Noturus flavus	Ictaluridae	Noturus
INHS_FISH_55654.jpg	Noturus flavus	Ictaluridae	Noturus
INHS_FISH_13487.jpg	Noturus flavus	Ictaluridae	Noturus
INHS_FISH_81746.jpg	Noturus flavus	Ictaluridae	Noturus
INHS_FISH_41020.jpg	Noturus flavus	Ictaluridae	Noturus
INHS_FISH_13297.jpg	Noturus flavus	Ictaluridae	Noturus
INHS_FISH_106524.jpg	Noturus flavus	Ictaluridae	Noturus
INHS_FISH_90636.jpg	Noturus flavus	Ictaluridae	Noturus
INHS_FISH_104676.jpg	Noturus flavus	Ictaluridae	Noturus
INHS_FISH_21189.jpg	Noturus flavus	Ictaluridae	Noturus
INHS_FISH_97809.jpg	Noturus flavus	Ictaluridae	Noturus
INHS_FISH_98949.jpg	Noturus gyrinus	Ictaluridae	Noturus
INHS_FISH_46060.jpg	Phenacobius mirabilis	Leuciscidae	Phenacobius
INHS_FISH_43120.jpg	Phenacobius mirabilis	Leuciscidae	Phenacobius
INHS_FISH_56424.jpg	Phenacobius mirabilis	Leuciscidae	Phenacobius
INHS_FISH_42619.jpg	Phenacobius mirabilis	Leuciscidae	Phenacobius
INHS_FISH_99570.jpg	Phenacobius mirabilis	Leuciscidae	Phenacobius
